CITY_NAME,FIRST_NAME,LAST_NAME,PERSON_NUMBER,REGION
Treeside,Deena,Whalen,KUD4236102,West
Overdale,Melody,Fazekas,TJQ7809311,Central
Newtown,Jo,Medders,MDA4966171,North
Bywater,Marlys,Fisher,HCP4828770,North
Bywater,Lakeesha,Albarado,NCD9957319,North
Beruna,Leonard,Nicolay,LRU3210509,Central
Beruna,Onie,Riese,FUJ2024246,Central
Dimrill,Cassandra,Brase,ZWF1022200,West
Thruxton,Hershel,Cavalieri,ZGZ1343915,Central
Beruna,Larue,Pohlmann,SHP3930127,Central
Beruna,Raleigh,Balat,KNP3790364,Central
Seaport,Keshia,Jefcoat,QHC7949188,South
Treeside,Nena,Rost,GTF8477117,West
Dimrill,Eliseo,Vinson,ABC9524639,West
Overdale,Hiram,Zehr,XVK8581782,Central
Beruna,Latricia,Couchman,FLE0754396,Central
Newtown,Sterling,Lemonds,GEA9375840,North
Bywater,Coretta,Grossi,BSZ0748449,North
Treeside,April,Axtell,WEH7152210,West
Beruna,Kip,Hambright,GGW8966559,Central
Dimrill,John,Bainbridge,XQB6636900,West
Beruna,Claire,Smyth,DNP3805091,Central
Overdale,Charles,Cunningham,PZB0172482,Central
Thruxton,Alex,Jones,DVD2760218,Central